Workbook
Name Slicer_Category: #N/A
Name Slicer_Region: #N/A

Sheet Analysis
A2: Sales Analysis | D2: Sales Classification
A3: Total Sales | B3: =SUM('Sales Data'!I2:I16) -> 59450000 | D3: Sales Level | E3: Target Status
A4: Average Sales per Order | B4: =AVERAGE('Sales Data'!I2:I16) -> 3963333.3 | D4: =IF(B3>=5000000,"High","Low") -> High | E4: =IF(AND(B3>=5000000,B7>=10),"Achieved","Not Achieved") -> Achieved
A5: Highest Sales | B5: =MAX('Sales Data'!I2:I16) -> 17000000
A6: Lowest Sales | B6: =MIN('Sales Data'!I2:I16) -> 600000 | D6: Sales by Category
A7: Total Transactions | B7: =COUNT('Sales Data'!I2:I16) -> 15 | D7: Electronics | E7: Accessories
A8: Total Quantity Sold | B8: =SUM('Sales Data'!G2:G16) -> 37 | D8: =SUMIF('Sales Data'!E:E,"Electronics",'Sales Data'!I:I) -> 52300000 | E8: =SUMIF('Sales Data'!E:E,"Accessories",'Sales Data'!I:I) -> 7150000
A10: Sales by Region
A11: West | B11: East | C11: North | D11: South
A12: =SUMIF('Sales Data'!F:F,"West",'Sales Data'!I:I) -> 29950000 | B12: =SUMIF('Sales Data'!F:F,"East",'Sales Data'!I:I) -> 12850000 | C12: =SUMIF('Sales Data'!F:F,"North",'Sales Data'!I:I) -> 9200000 | D12: =SUMIF('Sales Data'!F:F,"South",'Sales Data'!I:I) -> 7450000
B14: Electronics | C14: Accessories
A15: West | B15: =SUMIFS('Sales Data'!I:I,'Sales Data'!F:F,"West",'Sales Data'!E:E,"Electronics") -> 27700000 | C15: =SUMIFS('Sales Data'!I:I,'Sales Data'!F:F,"West",'Sales Data'!E:E,"Accessories") -> 2250000
A16: East | B16: =SUMIFS('Sales Data'!I:I,'Sales Data'!F:F,"East",'Sales Data'!E:E,"Electronics") -> 10300000 | C16: =SUMIFS('Sales Data'!I:I,'Sales Data'!F:F,"East",'Sales Data'!E:E,"Accessories") -> 2550000
A17: North | B17: =SUMIFS('Sales Data'!I:I,'Sales Data'!F:F,"North",'Sales Data'!E:E,"Electronics") -> 8500000 | C17: =SUMIFS('Sales Data'!I:I,'Sales Data'!F:F,"North",'Sales Data'!E:E,"Accessories") -> 700000
A18: South | B18: =SUMIFS('Sales Data'!I:I,'Sales Data'!F:F,"South",'Sales Data'!E:E,"Electronics") -> 5800000 | C18: =SUMIFS('Sales Data'!I:I,'Sales Data'!F:F,"South",'Sales Data'!E:E,"Accessories") -> 1650000
A20: Product Count
A21: Laptop | B21: Mouse | C21: Monitor | D21: Headset | E21: Printer
A22: =COUNTIF('Sales Data'!D:D,"Laptop") -> 4 | B22: =COUNTIF('Sales Data'!D:D,"Mouse") -> 3 | C22: =COUNTIF('Sales Data'!D:D,"Monitor") -> 2 | D22: =COUNTIF('Sales Data'!D:D,"Headset") -> 2 | E22: =COUNTIF('Sales Data'!D:D,"Printer") -> 2

Sheet Pivot Table
A3: Category | B3: Sum of Sales | D3: Region | E3: Sum of Sales
A4: Accessories | B4: 7150000 | D4: East | E4: 12850000
A5: Electronics | B5: 52300000 | D5: North | E5: 9200000
A6: Grand Total | B6: 59450000 | D6: South | E6: 7450000
D7: West | E7: 29950000
A8: Date | B8: Sum of Sales | D8: Grand Total | E8: 59450000
A9: 45658 | B9: 17750000
A10: 45659 | B10: 3250000
A11: 45660 | B11: 10300000
A12: 45661 | B12: 4500000
A13: 45662 | B13: 9200000
A14: 45663 | B14: 3550000
A15: 45664 | B15: 2400000
A16: 45665 | B16: 8500000
A17: Grand Total | B17: 59450000

Sheet Sales Data
A1: Date | B1: Order_ID | C1: Customer | D1: Product | E1: Category | F1: Region | G1: Quantity | H1: Unit_Price | I1: Sales
A2: 45658 | B2: ORD001 | C2: Andi | D2: Laptop | E2: Electronics | F2: West | G2: 2 | H2: 8500000 | I2: =G2*H2 -> 17000000
A3: 45658 | B3: ORD002 | C3: Budi | D3: Mouse | E3: Accessories | F3: East | G3: 5 | H3: 150000 | I3: =G3*H3 -> 750000
A4: 45659 | B4: ORD003 | C4: Citra | D4: Keyboard | E4: Accessories | F4: South | G4: 3 | H4: 350000 | I4: =G4*H4 -> 1050000
A5: 45659 | B5: ORD004 | C5: Dewi | D5: Monitor | E5: Electronics | F5: West | G5: 1 | H5: 2200000 | I5: =G5*H5 -> 2200000
A6: 45660 | B6: ORD005 | C6: Eko | D6: Laptop | E6: Electronics | F6: North | G6: 1 | H6: 8500000 | I6: =G6*H6 -> 8500000
A7: 45660 | B7: ORD006 | C7: Fajar | D7: Headset | E7: Accessories | F7: East | G7: 4 | H7: 450000 | I7: =G7*H7 -> 1800000
A8: 45661 | B8: ORD007 | C8: Gina | D8: Printer | E8: Electronics | F8: South | G8: 2 | H8: 1800000 | I8: =G8*H8 -> 3600000
A9: 45661 | B9: ORD008 | C9: Hani | D9: Mouse | E9: Accessories | F9: West | G9: 6 | H9: 150000 | I9: =G9*H9 -> 900000
A10: 45662 | B10: ORD009 | C10: Ivan | D10: Laptop | E10: Electronics | F10: East | G10: 1 | H10: 8500000 | I10: =G10*H10 -> 8500000
A11: 45662 | B11: ORD010 | C11: Joko | D11: Keyboard | E11: Accessories | F11: North | G11: 2 | H11: 350000 | I11: =G11*H11 -> 700000
A12: 45663 | B12: ORD011 | C12: Karin | D12: Monitor | E12: Electronics | F12: South | G12: 1 | H12: 2200000 | I12: =G12*H12 -> 2200000
A13: 45663 | B13: ORD012 | C13: Lina | D13: Headset | E13: Accessories | F13: West | G13: 3 | H13: 450000 | I13: =G13*H13 -> 1350000
... A16: 45665 | B16: ORD015 | C16: Oki | D16: Laptop | E16: Electronics | F16: West | G16: 1 | H16: 8500000 | I16: =G16*H16 -> 8500000
